{"+": {"origin": [0, -1.019999999999996], "ops": [[[2.0399999999999636, 0.0], "l"], [[-1.0199999999999818, -1.019999999999996], "m"], [[0.0, 2.0400000000000063], "l"]]}, "/": {"origin": [0, -3.6599999999999966], "ops": [[[2.1000000000000227, -3.6599999999999966], "l"]]}, "1": {"origin": [0.0, -0.7800000000000011], "ops": [[[0.7800000000000296, -0.7800000000000011], "l"], [[0.0, 3.6599999999999966], "l"], [[-0.7800000000000296, 0.0], "l"], [[1.5600000000000023, 0.0], "l"]]}, "0": {"origin": [-1.080000000000041, 0.0], "ops": [[[-0.30000000000001137, 0.0], "l"], [[-0.30000000000001137, 0.29999999999998295], "l"], [[-0.4800000000000182, 1.2600000000000193], "l"], [[0.0, 0.539999999999992], "l"], [[0.4800000000000182, 1.259999999999991], "l"], [[0.30000000000001137, 0.30000000000001137], "l"], [[0.30000000000001137, 0.0], "l"], [[0.17999999999994998, -0.30000000000001137], "l"], [[0.5400000000000205, -1.259999999999991], "l"], [[0.0, -0.539999999999992], "l"], [[-0.5400000000000205, -1.2600000000000193], "l"], [[-0.17999999999994998, -0.29999999999998295], "l"]]}, "3": {"origin": [0.0, 0.0], "ops": [[[1.259999999999991, 0.0], "l"], [[0.3599999999999568, 0.1799999999999784], "l"], [[0.12000000000000455, 0.36000000000001364], "l"], [[0.0, 0.539999999999992], "l"], [[-0.12000000000000455, 0.36000000000001364], "l"], [[-0.3599999999999568, 0.12000000000000455], "l"], [[-0.7800000000000296, 0.0], "m"], [[0.7800000000000296, 0.0], "l"], [[0.3599999999999568, 0.1799999999999784], "l"], [[0.12000000000000455, 0.36000000000001364], "l"], [[0.0, 0.960000000000008], "l"], [[-0.12000000000000455, 0.3599999999999852], "l"], [[-0.3599999999999568, 0.2400000000000091], "l"], [[-1.259999999999991, 0.0], "l"]]}, "2": {"origin": [0.0, -0.2400000000000091], "ops": [[[0.4800000000000182, -0.2400000000000091], "l"], [[0.7799999999999727, 0.0], "l"], [[0.36000000000001364, 0.12000000000000455], "l"], [[0.12000000000000455, 0.3599999999999852], "l"], [[0.0, 0.5400000000000205], "l"], [[-1.740000000000009, 2.579999999999984], "l"], [[1.740000000000009, 0.0], "l"]]}, "5": {"origin": [-1.740000000000009, 0.0], "ops": [[[-1.740000000000009, 0.0], "l"], [[0.0, 1.5600000000000023], "l"], [[1.259999999999991, 0.0], "l"], [[0.36000000000001364, 0.11999999999997613], "l"], [[0.12000000000000455, 0.36000000000001364], "l"], [[0.0, 1.0200000000000102], "l"], [[-0.12000000000000455, 0.29999999999998295], "l"], [[-0.36000000000001364, 0.2400000000000091], "l"], [[-1.259999999999991, 0.0], "l"]]}, "4": {"origin": [-1.080000000000041, 0], "ops": [[[-1.080000000000041, 2.8799999999999955], "l"], [[2.0400000000000773, 0.0], "l"], [[-0.4800000000000182, 0.7800000000000011], "m"], [[0.0, -1.5600000000000023], "l"]]}, "7": {"origin": [0.0, -0.539999999999992], "ops": [[[0.0, -0.539999999999992], "l"], [[1.740000000000009, 0.0], "l"], [[-0.9599999999999227, 3.6599999999999966], "l"]]}, "6": {"origin": [-1.259999999999991, 0], "ops": [[[-0.4799999999999045, 0.4800000000000182], "l"], [[-0.5400000000000773, 0.7799999999999727], "l"], [[-0.2400000000000091, 0.7800000000000011], "l"], [[0.0, 1.0200000000000102], "l"], [[0.4800000000000182, 0.539999999999992], "l"], [[0.7799999999999727, 0.0], "l"], [[0.4800000000000182, -0.539999999999992], "l"], [[0.0, -0.7199999999999989], "l"], [[-0.4800000000000182, -0.539999999999992], "l"], [[-1.0199999999999818, 0.0], "l"]]}, "9": {"origin": [-0.4800000000000182, -3.6599999999999966], "ops": [[[0.599999999999909, -0.5999999999999943], "l"], [[0.4800000000000182, -0.7199999999999989], "l"], [[0.18000000000006366, -1.0800000000000125], "l"], [[0.0, -0.7800000000000011], "l"], [[-0.4800000000000182, -0.47999999999998977], "l"], [[-0.7799999999999727, 0.0], "l"], [[-0.4800000000000182, 0.47999999999998977], "l"], [[0.0, 0.7800000000000011], "l"], [[0.4800000000000182, 0.539999999999992], "l"], [[1.0799999999999272, 0.0], "l"]]}, "8": {"origin": [-0.4800000000000182, 0.0], "ops": [[[-0.4800000000000182, 0.4800000000000182], "l"], [[0.0, 0.5999999999999943], "l"], [[0.4800000000000182, 0.47999999999998977], "l"], [[0.7799999999999727, 0.0], "l"], [[0.4800000000000182, 0.47999999999998977], "l"], [[0.0, 1.0200000000000102], "l"], [[-0.4800000000000182, 0.539999999999992], "l"], [[-0.7799999999999727, 0.0], "l"], [[-0.4800000000000182, -0.539999999999992], "l"], [[0.0, -1.0200000000000102], "l"], [[0.4800000000000182, -0.47999999999998977], "l"], [[0.7799999999999727, 0.0], "l"], [[0.4800000000000182, -0.47999999999998977], "l"], [[0.0, -0.5999999999999943], "l"], [[-0.4800000000000182, -0.4800000000000182], "l"], [[-0.7799999999999727, 0.0], "l"]]}, "A": {"origin": [0, -3.5999999999999943], "ops": [[[1.259999999999991, -3.5999999999999943], "l"], [[1.259999999999991, 3.5999999999999943], "l"], [[-2.0399999999999636, -1.079999999999984], "m"], [[1.5599999999999454, 0.0], "l"]]}, "C": {"origin": [-1.740000000000009, -3.6599999999999966], "ops": [[[-1.259999999999991, 0.0], "l"], [[-0.4800000000000182, -0.6000000000000227], "l"], [[0.0, -2.519999999999982], "l"], [[0.4800000000000182, -0.539999999999992], "l"], [[1.259999999999991, 0.0], "l"]]}, "B": {"origin": [-1.259999999999991, -1.5600000000000023], "ops": [[[0.7799999999999727, 0.7800000000000011], "l"], [[0.0, 0.7199999999999989], "l"], [[-0.4800000000000182, 0.5999999999999943], "l"], [[-1.5599999999999454, 0.0], "l"], [[0.0, -3.6599999999999966], "l"], [[1.259999999999991, 0.0], "l"], [[0.5399999999999636, 0.5400000000000205], "l"], [[0.0, 0.539999999999992], "l"], [[-0.5399999999999636, 0.47999999999998977], "l"], [[-1.259999999999991, 0.0], "l"]]}, "E": {"origin": [-1.740000000000009, -3.6599999999999966], "ops": [[[-1.740000000000009, 0.0], "l"], [[0.0, 0.0], "m"], [[0.0, -3.6599999999999966], "l"], [[0.0, 0.0], "m"], [[1.740000000000009, 0.0], "l"], [[-1.740000000000009, 1.5600000000000023], "m"], [[1.259999999999991, 0.0], "l"]]}, "D": {"origin": [0.0, -3.6599999999999966], "ops": [[[1.259999999999991, 0.0], "l"], [[0.4799999999999045, -0.5999999999999943], "l"], [[0.0, -2.5200000000000102], "l"], [[-0.4799999999999045, -0.539999999999992], "l"], [[-1.259999999999991, 0.0], "l"], [[0.0, 3.6599999999999966], "l"]]}, "G": {"origin": [-1.259999999999991, -1.5600000000000023], "ops": [[[0.7799999999999727, 0.0], "l"], [[0.0, 2.039999999999992], "l"], [[-1.5599999999999454, 0.0], "l"], [[-0.4800000000000182, -0.539999999999992], "l"], [[0.0, -2.579999999999984], "l"], [[0.4800000000000182, -0.4800000000000182], "l"], [[1.5599999999999454, 0.0], "l"]]}, "I": {"origin": [0.0, -3.5999999999999943], "ops": [[[0.8399999999999181, 0.0], "l"], [[-0.4199999999999591, 0.0], "m"], [[0.0, -3.5999999999999943], "l"], [[-0.4199999999999591, 0.0], "m"], [[0.8399999999999181, 0.0], "l"]]}, "H": {"origin": [0.0, -3.6599999999999966], "ops": [[[0.0, -3.6599999999999966], "l"], [[2.0400000000000205, 3.6599999999999966], "m"], [[0.0, -3.6599999999999966], "l"], [[-2.0400000000000205, 1.5600000000000023], "m"], [[2.0400000000000205, 0.0], "l"]]}, "M": {"origin": [0.0, -3.6000000000000227], "ops": [[[0.0, -3.6000000000000227], "l"], [[1.259999999999991, 2.0400000000000205], "l"], [[1.259999999999991, -2.0400000000000205], "l"], [[0.0, 3.6000000000000227], "l"]]}, "L": {"origin": [0.0, 0], "ops": [[[0.0, 3.6599999999999966], "l"], [[1.7999999999999545, 0.0], "l"]]}, "O": {"origin": [-0.4799999999999045, -3.6599999999999966], "ops": [[[-0.4799999999999045, -0.5999999999999943], "l"], [[0.0, -2.579999999999984], "l"], [[0.4799999999999045, -0.4800000000000182], "l"], [[1.080000000000041, 0.0], "l"], [[0.4800000000000182, 0.4800000000000182], "l"], [[0.0, 2.579999999999984], "l"], [[-0.4800000000000182, 0.5999999999999943], "l"], [[-1.080000000000041, 0.0], "l"]]}, "N": {"origin": [0.0, -3.6599999999999966], "ops": [[[0.0, -3.6599999999999966], "l"], [[2.0399999999999636, 3.6599999999999966], "l"], [[0.0, -3.6599999999999966], "l"]]}, "P": {"origin": [0.0, -3.5999999999999943], "ops": [[[0.0, -3.5999999999999943],